HSCode,AppliedTariff
851210,15.0
010512,30.0
010513,30.0
010514,30.0
010612,30.0
010613,30.0
020430,30.0
020990,30.0
021093,30.0
030111,30.0
030235,30.0
030274,30.0
030439,30.0
030488,30.0
030520,30.0
030551,30.0
030553,30.0
030711,30.0
030722,30.0
030990,30.0
040690,40.0
050290,30.0
060230,10.0
060420,30.0
071335,30.0
071490,30.0
080241,30.0
080261,30.0
080610,40.0
110720,30.0
120922,30.0
120923,30.0
120930,30.0
150930,45.0
150940,45.0
151110,100.0
160241,30.0
160510,30.0
190211,30.0
190420,30.0
200490,30.0
200990,50.0
210112,30.0
210120,30.0
210390,30.0
220190,30.0
220210,30.0
220291,30.0
220820,150.0
220840,150.0
250860,10.0
252010,10.0
260111,10.0
260112,5.0
261000,5.0
271020,10.0
280490,5.0
281216,10.0
281520,10.0
282540,10.0
282890,10.0
282990,10.0
283421,10.0
284130,10.0
290371,10.0
290611,10.0
290722,10.0
290941,10.0
290944,10.0
291100,10.0
291413,10.0
291512,10.0
291811,10.0
291818,10.0
291891,10.0
292023,10.0
292119,10.0
292519,10.0
292800,10.0
293335,10.0
293354,10.0
293372,10.0
293621,10.0
293890,10.0
293963,10.0
300290,10.0
300310,10.0
300442,10.0
300670,10.0
310210,10.0
310430,5.0
321511,10.0
360310,10.0
370232,10.0
380110,10.0
381111,10.0
382100,10.0
382488,10.0
382561,10.0
382569,10.0
382714,10.0
390799,10.0
391890,15.0
400129,25.0
400690,10.0
400700,10.0
401033,10.0
401213,10.0
401320,10.0
411510,10.0
420329,10.0
430110,15.0
430390,10.0
440323,5.0
440324,5.0
440721,10.0
440794,10.0
441850,10.0
460121,10.0
470429,5.0
480990,10.0
481031,10.0
481200,10.0
481320,10.0
482361,10.0
482370,10.0
490199,10.0
491000,10.0
511000,25.0
520528,20.0
520821,25.0
520833,25.0
520841,25.0
520942,25.0
521021,25.0
521031,25.0
521051,25.0
540261,20.0
540743,25.0
540752,25.0
550120,20.0
550810,20.0
551599,25.0
551613,25.0
560210,25.0
560600,20.0
570321,25.0
581091,25.0
590610,25.0
610190,25.0
610829,25.0
611011,25.0
611241,25.0
611530,25.0
620439,25.0
620444,25.0
620452,25.0
620821,25.0
630260,25.0
630291,25.0
630520,25.0
630629,25.0
640340,35.0
640391,35.0
680229,40.0
701391,20.0
710122,10.0
710221,10.0
711029,12.5
711420,20.0
720110,15.0
720292,15.0
720711,15.0
720719,15.0
720926,15.0
721310,15.0
721631,15.0
721669,15.0
722619,15.0
722692,15.0
730451,15.0
730690,15.0
731439,15.0
732591,15.0
741300,10.0
750300,5.0
760719,7.5
761410,10.0
790500,5.0
810330,5.0
810420,5.0
810430,5.0
810490,6.25
811010,5.0
820231,10.0
820340,10.0
820530,10.0
820570,10.0
821195,10.0
830710,10.0
830810,10.0
830890,10.0
840220,10.0
841199,10.0
841350,7.5
842410,7.5
842710,7.5
842820,7.5
843069,7.5
843850,7.5
844400,7.5
844720,7.5
845180,7.5
845390,7.5
845819,7.5
846150,7.5
846330,7.5
846721,7.5
847340,7.5
847490,7.5
847590,7.5
847621,7.5
848110,7.5
848520,7.5
850421,10.0
850422,10.0
851511,10.0
851981,10.0
852411,15.0
852721,10.0
852842,10.0
853190,10.0
853223,0.0
853921,11.6666666666667
853952,20.0
853990,10.0
854141,0.0
854231,0.0
854620,10.0
860310,10.0
860630,10.0
870230,40.0
870451,40.0
870590,10.0
870893,15.0
890110,10.0
890200,10.0
890590,10.0
900290,10.0
900510,10.0
900653,10.0
901410,7.5
901811,10.0
901841,10.0
902219,10.0
910212,20.0
910610,10.0
911390,10.0
920110,10.0
920510,10.0
930200,10.0
940199,25.0
940320,25.0
940569,25.0
950670,20.0
960830,10.0
970210,10.0
970522,10.0
010619,30.0
020741,30.0
030232,30.0
030239,30.0
030339,30.0
030363,30.0
030444,30.0
030457,30.0
030494,30.0
030612,30.0
030617,30.0
030719,30.0
030783,30.0
060220,10.0
070991,30.0
070993,30.0
071350,30.0
080719,30.0
080929,30.0
081060,30.0
090230,100.0
090812,30.0
090961,30.0
110422,30.0
120991,10.0
121010,30.0
121410,30.0
130214,30.0
150600,30.0
151090,45.0
151211,100.0
151219,100.0
151550,100.0
160557,30.0
170113,100.0
170310,30.0
180610,30.0
190219,30.0
200591,30.0
210310,30.0
220900,30.0
240220,30.0
251741,10.0
252510,10.0
252910,10.0
260400,5.0
270220,10.0
270500,10.0
270720,10.0
271113,10.0
271410,10.0
280429,5.0
282090,10.0
282731,10.0
284150,10.0
290219,10.0
290374,10.0
290436,10.0
290491,10.0
290517,10.0
290711,10.0
291030,10.0
291461,10.0
291513,10.0
291821,10.0
292144,10.0
293147,10.0
293590,10.0
293625,10.0
293911,10.0
294110,10.0
300190,10.0
300214,10.0
300441,10.0
300449,10.0
310540,5.0
330290,10.0
340391,10.0
340530,10.0
360410,10.0
370710,10.0
380892,10.0
380992,10.0
381590,10.0
382290,10.0
382440,10.0
382492,10.0
382763,10.0
390939,10.0
391810,15.0
392112,10.0
392520,15.0
401220,10.0
401290,10.0
401390,10.0
420222,15.0
440132,5.0
440141,5.0
440322,5.0
440395,5.0
440725,10.0
441090,10.0
441231,10.0
450410,10.0
470421,5.0
470693,5.0
480255,10.0
480519,10.0
480524,10.0
480591,10.0
480593,10.0
481960,10.0
500100,30.0
500200,30.0
510220,25.0
520300,30.0
520625,20.0
520634,20.0
520859,25.0
520941,25.0
520952,25.0
530121,30.0
530929,25.0
550390,20.0
551120,25.0
551221,25.0
551623,25.0
560741,20.0
570291,25.0
600122,25.0
600522,25.0
610310,25.0
610329,25.0
610443,25.0
610453,25.0
610832,25.0
611430,25.0
620462,25.0
620520,25.0
620829,25.0
620892,25.0
620930,25.0
620990,25.0
621133,25.0
621290,25.0
621420,25.0
630120,25.0
650700,10.0
670420,10.0
680210,40.0
680430,10.0
680520,10.0
681381,15.0
690390,10.0
690721,15.0
690740,15.0
701972,10.0
710820,12.5
711019,12.5
711719,20.0
720229,15.0
720280,15.0
720510,15.0
720810,15.0
720837,15.0
720853,15.0
720990,15.0
721114,15.0
722550,15.0
722691,15.0
722850,15.0
730512,15.0
730661,15.0
730669,15.0
730719,15.0
740312,5.0
741022,5.0
750711,5.0
790111,5.0
810297,5.0
810830,5.0
811090,10.0
811212,5.0
811231,10.0
820412,10.0
820600,10.0
820790,10.0
830170,20.0
840211,10.0
840682,10.0
840690,10.0
841191,7.5
841360,7.5
841582,20.0
841710,7.5
841933,7.5
841981,10.0
843010,7.5
843290,7.5
844130,7.5
844230,7.5
844316,7.5
844530,7.5
845150,7.5
845290,8.125
845380,7.5
845510,7.5
845931,7.5
846090,7.5
846219,7.5
846223,7.5
846229,7.5
846232,7.5
846390,7.5
846510,7.5
846592,7.5
846599,7.5
846610,7.5
847030,0.0
847130,0.0
847149,0.0
847981,7.5
850211,10.0
850440,20.0
850450,7.5
850730,15.0
850750,15.0
851180,15.0
851769,2.85714285714286
851822,15.0
852380,10.0
852560,0.0
854020,10.0
854149,20.0
854931,10.0
860500,10.0
870210,40.0
870891,15.0
880691,10.0
890332,25.0
900319,10.0
900659,10.0
901060,10.0
901290,7.5
901520,7.5
901920,10.0
902300,10.0
902480,7.5
903120,7.5
903141,0.0
903300,7.5
911190,10.0
911220,10.0
930400,10.0
940620,10.0
950632,20.0
960190,10.0
960850,10.0
961519,20.0
970529,10.0
970531,10.0
970539,10.0
010632,30.0
020220,30.0
020322,30.0
020621,30.0
020714,100.0
021019,30.0
030222,30.0
030223,30.0
030259,30.0
030283,30.0
030355,30.0
030391,30.0
030443,30.0
030449,30.0
030453,30.0
030486,30.0
030611,30.0
030693,30.0
050690,30.0
050790,30.0
071010,30.0
071310,50.0
071440,30.0
080132,70.0
080590,30.0
080921,30.0
090611,30.0
100310,0.0
100510,70.0
100821,70.0
110319,30.0
110510,30.0
110819,50.0
120241,30.0
120710,30.0
121221,30.0
150290,15.0
151010,45.0
190120,30.0
200310,30.0
200929,50.0
200931,50.0
210130,30.0
210230,30.0
220422,150.0
220830,150.0
240419,30.0
250700,10.0
251511,40.0
251810,10.0
251910,10.0
261510,5.0
261690,5.0
271312,10.0
280530,5.0
281212,10.0
281310,10.0
282200,10.0
282560,10.0
283699,10.0
283911,10.0
290378,10.0
290721,10.0
291050,10.0
291211,10.0
291249,10.0
291422,10.0
291533,10.0
291619,10.0
291719,10.0
291720,10.0
291822,10.0
291829,10.0
291990,10.0
292149,10.0
292216,10.0
292320,10.0
293080,10.0
293149,10.0
293321,10.0
293336,10.0
293355,10.0
293941,10.0
293969,10.0
294000,10.0
300331,10.0
320411,10.0
320416,10.0
320720,10.0
321590,10.0
330520,20.0
330710,20.0
330730,20.0
340399,10.0
340420,10.0
340700,10.0
350510,50.0
370244,10.0
381400,10.0
381519,10.0
382550,10.0
390599,10.0
392010,10.0
392111,10.0
392114,10.0
392119,10.0
400121,25.0
400932,10.0
410640,10.0
441192,10.0
441193,10.0
441252,10.0
441490,10.0
441919,10.0
460219,10.0
470730,10.0
480700,10.0
520534,20.0
520546,20.0
520949,25.0
521223,25.0
540332,20.0
540349,20.0
540761,25.0
540773,25.0
550210,20.0
551211,25.0
551529,25.0
551691,25.0
570420,25.0
580230,25.0
580429,25.0
600110,25.0
600121,25.0
600320,25.0
600524,25.0
610130,25.0
610331,25.0
610690,25.0
611120,25.0
611521,25.0
611522,25.0
620120,25.0
620230,25.0
620411,25.0
620433,25.0
620620,25.0
621030,25.0
621490,25.0
621510,25.0
630221,25.0
640319,35.0
640690,20.0
680530,10.0
680610,10.0
680919,10.0
680990,10.0
681091,10.0
681189,10.0
690320,10.0
690410,10.0
690490,10.0
691490,10.0
700510,10.0
710121,10.0
710310,10.0
710900,12.5
720430,15.0
721020,15.0
721030,15.0
721260,15.0
721913,22.5
721935,15.0
722220,15.0
722820,15.0
722840,15.0
730650,15.0
731420,15.0
731815,25.0
741980,10.0
750620,5.0
750712,5.0
760691,7.5
760692,7.5
761010,10.0
761520,10.0
780420,5.0
810610,6.66666666666667
810999,10.0
811259,10.0
820190,10.0
820299,10.0
820890,10.0
830220,15.0
830610,20.0
840410,10.0
840420,10.0
840810,15.0
840991,15.0
841319,8.75
841381,7.5
841410,7.5
841939,7.5
842919,7.5
843039,7.5
843041,7.5
843061,7.5
843610,7.5
843991,7.5
844519,7.5
844629,7.5
844849,7.5
845229,7.5
845640,7.5
845690,5.0
845730,7.5
845951,7.5
845959,7.5
846024,7.5
846242,7.5
846269,7.5
846520,7.5
846890,7.5
847210,7.5
847689,7.5
847910,7.5
847979,7.5
848490,7.5
850152,15.0
850690,10.0
851439,7.5
851539,10.0
851650,20.0
851890,10.0
853180,10.0
853510,10.0
853670,7.5
853710,15.0
853810,7.5
854060,10.0
854089,10.0
854411,10.0
860730,10.0
860800,10.0
870321,125.0
870810,15.0
870870,15.0
890520,10.0
901480,7.5
901720,10.0
902140,10.0
902410,7.5
902781,0.0
903040,0.0
910529,20.0
910910,10.0
920810,10.0
950640,20.0
960622,10.0
960891,10.0
961400,10.0
010391,30.0
020753,30.0
030253,30.0
030343,30.0
030482,30.0
030751,30.0
040120,30.0
040721,30.0
040819,30.0
040900,60.0
060110,10.0
060314,60.0
060390,60.0
070390,30.0
070953,30.0
071333,30.0
071410,30.0
071450,30.0
080111,70.0
080221,30.0
080310,30.0
090412,70.0
100810,0.0
120999,10.0
150190,30.0
151610,100.0
160249,30.0
160431,30.0
160432,30.0
160555,30.0
160559,30.0
160561,30.0
180400,30.0
190300,50.0
200510,30.0
200791,30.0
200899,30.0
210410,30.0
220860,150.0
230330,30.0
240491,30.0
250810,10.0
250840,10.0
251020,5.0
251400,10.0
252390,10.0
252410,10.0
252530,10.0
260800,5.0
261390,5.0
262019,10.0
281420,5.0
282741,10.0
282810,10.0
283319,10.0
284161,10.0
284310,10.0
284910,10.0
290122,10.0
290392,10.0
290559,10.0
290919,10.0
291040,10.0
291612,10.0
291714,10.0
291735,10.0
292340,10.0
293120,10.0
293293,10.0
293299,10.0
293810,10.0
300213,10.0
300610,10.0
310260,10.0
321390,10.0
340249,10.0
340520,10.0
360340,10.0
370231,10.0
370500,10.0
380190,10.0
380300,10.0
380700,10.0
381121,10.0
382312,30.0
382319,30.0
382460,30.0
382481,10.0
382732,10.0
390311,10.0
390320,10.0
390721,10.0
392640,15.0
400811,10.0
400941,10.0
401140,10.0
401694,10.0
410190,0.0
410210,0.0
410711,10.0
420219,15.0
430190,15.0
430220,10.0
440210,5.0
440220,5.0
441019,10.0
441113,10.0
441510,10.0
460212,10.0
480100,10.0
480411,10.0
481032,10.0
481910,10.0
490700,10.0
490900,10.0
510211,25.0
510330,25.0
510910,25.0
511220,25.0
520514,20.0
520548,20.0
520615,20.0
530810,25.0
531090,25.0
540792,25.0
540831,25.0
551429,25.0
551430,25.0
551511,25.0
551633,25.0
560313,25.0
570390,25.0
590490,25.0
600129,25.0
600310,25.0
600410,25.0
600624,25.0
600642,25.0
610339,25.0
610439,25.0
610899,25.0
620412,25.0
620442,25.0
621010,25.0
621410,25.0
630293,25.0
630391,25.0
630533,25.0
640199,35.0
650400,10.0
670300,10.0
670411,10.0
670490,10.0
680911,10.0
690911,10.0
690919,10.0
700490,10.0
700992,15.0
701190,10.0
701710,10.0
701919,10.0
711100,12.5
711299,12.5
711311,20.0
720421,15.0
720836,15.0
722100,15.0
730630,15.0
730721,15.0
730830,15.0
731822,15.0
731990,15.0
732182,15.0
732421,15.0
740721,5.0
750110,5.0
750512,5.0
760310,7.5
820220,10.0
820560,10.0
820760,10.0
820820,10.0
821194,10.0
821520,10.0
830242,15.0
830990,10.0
840130,7.5
840219,10.0
841011,10.0
841239,7.5
841340,7.5
841391,8.0
842132,15.0
842240,7.5
842641,7.5
843020,7.5
843210,7.5
843241,7.5
843280,7.5
843351,7.5
843691,7.5
844315,7.5
846691,7.5
846791,7.5
846810,7.5
847510,7.5
847720,7.5
847790,7.5
848020,7.5
848050,7.5
848079,7.5
848640,7.5
850110,15.0
851130,15.0
851220,15.0
851290,15.0
851432,7.5
851529,10.0
851621,20.0
851631,20.0
851640,20.0
851829,15.0
851920,10.0
854012,10.0
854129,0.0
854442,15.0
854519,7.5
854710,10.0
854999,10.0
860210,10.0
870193,10.0
870443,40.0
870490,40.0
871190,100.0
880529,10.0
890800,10.0
900590,10.0
901190,7.5
902121,10.0
902129,10.0
902213,10.0
902214,10.0
902290,10.0
902890,8.75
910299,20.0
910700,10.0
910811,10.0
930510,10.0
950699,20.0
950730,20.0
960820,10.0
961000,10.0
970400,0.0
010121,30.0
010420,30.0
020713,100.0
020751,30.0
020754,30.0
021099,30.0
030191,30.0
030454,30.0
030487,30.0
030691,30.0
030694,30.0
030731,30.0
030788,30.0
030791,30.0
040210,60.0
040510,40.0
040891,30.0
050610,30.0
070320,100.0
070999,30.0
071021,30.0
071080,30.0
080262,30.0
080410,30.0
080521,30.0
080620,100.0
090220,100.0
110811,30.0
120740,30.0
151519,100.0
151530,100.0
152200,30.0
160242,30.0
160413,30.0
160419,30.0
160540,30.0
200919,35.0
220410,150.0
220429,150.0
230400,30.0
230620,30.0
230649,30.0
251820,10.0
252210,10.0
280120,5.0
280410,5.0
280461,5.0
281000,18.75
281290,10.0
282300,10.0
282520,10.0
283329,10.0
283650,10.0
284019,10.0
284321,10.0
284329,10.0
284690,10.0
290346,10.0
290362,10.0
290539,10.0
290551,10.0
290949,10.0
291221,10.0
291229,10.0
291529,10.0
291531,10.0
291532,10.0
291590,10.0
291634,10.0
292129,10.0
292640,10.0
293040,10.0
293144,10.0
293361,10.0
294190,10.0
300390,10.0
300650,10.0
310530,5.0
320611,10.0
320910,10.0
330112,30.0
330430,20.0
330620,20.0
330690,20.0
340231,10.0
340311,10.0
350190,30.0
370210,10.0
370320,10.0
390422,10.0
390610,10.0
391723,10.0
391910,10.0
392069,10.0
392330,15.0
392410,15.0
400122,25.0
400300,10.0
400821,10.0
400931,10.0
401180,10.0
410390,0.0
440713,10.0
460122,10.0
470710,10.0
480261,10.0
481099,10.0
481930,10.0
482390,10.7142857142857
500400,25.0
500710,25.0
511130,25.0
511290,25.0
520641,20.0
521131,25.0
531100,25.0
540110,20.0
540259,20.0
540310,20.0
540742,25.0
540823,25.0
550490,20.0
550610,20.0
560130,25.0
560221,25.0
560229,25.0
560290,25.0
560393,25.0
570310,25.0
580131,25.0
580132,25.0
580210,25.0
580421,25.0
580640,25.0
590310,25.0
590691,25.0
600340,25.0
600610,25.0
600634,25.0
600644,25.0
610230,25.0
610322,25.0
610342,25.0
610791,25.0
611219,25.0
620311,25.0
620323,25.0
620822,25.0
630130,25.0
630532,25.0
630619,25.0
640220,35.0
650100,10.0
680423,10.0
681280,10.0
681389,15.0
690600,10.0
690722,15.0
700239,10.0
701399,20.0
721129,15.0
721730,15.0
721921,15.8333333333333
721923,15.0
722020,15.0
722880,15.0
730441,15.0
730519,15.0
731512,15.0
732119,15.0
732190,15.0
732290,15.0
732690,16.0
740919,5.0
741920,10.0
800700,10.0
810210,5.0
811252,5.0
821191,10.0
821300,10.0
821599,10.0
831000,20.0
840721,15.0
840999,15.0
841221,7.5
841320,10.0
841581,20.0
841810,17.5
841891,7.5
842119,7.5
842870,7.5
842920,7.5
842951,7.5
843221,7.5
843359,7.5
843629,7.5
844610,7.5
844621,7.5
844900,7.5
845190,7.5
845320,7.5
846040,7.5
846261,7.5
846320,7.5
846694,7.5
846722,7.5
847439,7.5
847730,7.5
847990,7.5
848510,7.5
850490,12.5
850660,15.0
851020,20.0
851580,10.0
851660,20.0
851713,20.0
851830,15.0
852110,10.0
852210,10.0
852341,10.0
852352,0.0
852419,15.0
853331,0.0
853620,10.0
854099,10.0
854919,10.0
860900,10.0
870821,15.0
871200,20.0
871494,20.0
871640,10.0
880521,10.0
880720,3.0
890190,10.0
890331,25.0
900220,10.0
901010,7.5
902229,10.0
902519,8.33333333333333
902590,7.5
903020,7.5
903084,7.5
910819,10.0
911110,10.0
911310,10.0
911320,10.0
920120,10.0
930110,10.0
940149,25.0
940399,25.0
940410,25.0
940430,25.0
940550,25.0
950639,20.0
970129,10.0
010290,30.0
010310,30.0
010633,30.0
020210,30.0
020321,30.0
030192,30.0
030199,30.0
030224,30.0
030254,30.0
030292,30.0
030342,30.0
030456,30.0
030474,30.0
030532,30.0
030569,30.0
030616,30.0
030712,30.0
040640,30.0
070521,30.0
071420,30.0
081190,30.0
081290,30.0
081320,25.0
090922,30.0
100390,0.0
100829,70.0
120110,45.0
120242,30.0
120300,70.0
120400,30.0
140110,30.0
150110,30.0
150710,45.0
151491,75.0
152000,30.0
160239,30.0
160411,30.0
170390,30.0
190490,30.0
190540,30.0
190590,30.0
200600,30.0
200897,30.0
220300,100.0
220850,150.0
220890,150.0
230910,30.0
261310,5.0
262030,10.0
262110,5.0
271112,10.0
271290,10.0
271500,10.0
281512,10.0
282739,10.0
283322,10.0
284430,10.0
284450,10.0
290347,10.0
290541,10.0
290612,10.0
290629,10.0
290892,10.0
290920,10.0
291611,10.0
291616,10.0
291736,10.0
291813,10.0
291819,10.0
291823,10.0
292214,10.0
292250,10.0
292412,10.0
292425,10.0
292700,10.0
293212,10.0
293353,10.0
293721,10.0
300339,10.0
300691,10.0
310280,10.0
320190,10.0
320620,10.0
321290,10.0
330130,30.0
330499,20.0
330610,20.0
330741,20.0
340242,10.0
340290,10.0
350610,10.0
360610,10.0
370243,10.0
370790,10.0
380630,10.0
380862,10.0
380869,10.0
381512,10.0
382313,30.0
382370,50.0
382430,10.0
390120,10.0
390690,10.0
391231,10.0
391721,10.0
391722,10.0
392049,10.0
392063,10.0
400260,10.0
400921,10.0
400922,10.0
401170,10.0
401310,10.0
410791,10.0
420232,15.0
420600,10.0
440341,5.0
440500,10.0
470319,5.0
482190,10.0
510130,30.0
510710,20.0
511119,25.0
511211,25.0
520790,25.0
520831,25.0
520832,25.0
520839,25.0
520921,25.0
521019,25.0
521119,25.0
530620,25.0
530720,25.0
531010,25.0
540793,25.0
540822,25.0
550520,25.0
550932,20.0
550942,20.0
550952,20.0
551312,25.0
551331,25.0
551449,25.0
551624,25.0
560394,25.0
560819,25.0
570220,25.0
570241,25.0
570292,25.0
570329,25.0
580133,25.0
580890,25.0
590210,25.0
591110,25.0
600240,25.0
600390,25.0
600633,25.0
600641,25.0
610431,25.0
611231,25.0
611596,25.0
611610,25.0
611710,25.0
620329,25.0
620349,25.0
620419,25.0
620451,25.0
621020,25.0
630239,25.0
630253,25.0
660110,10.0
660199,10.0
681099,10.0
681513,10.0
700529,10.0
701342,20.0
710811,12.5
711810,12.5
720249,15.0
720410,15.0
720838,15.0
720917,15.0
721041,15.0
721912,22.5
722990,15.0
730431,15.0
730820,15.0
731029,18.3333333333333
731100,15.0
731581,15.0
731813,15.0
731824,15.0
732392,20.0
732399,20.0
740322,5.0
740329,5.0
810419,5.0
811241,10.0
820239,10.0
820310,10.0
820510,10.0
820590,10.0
820719,10.0
820750,10.0
821210,10.0
830621,20.0
831190,10.0
841210,7.5
841451,18.3333333333333
841720,7.5
842129,7.5
842330,7.5
842620,7.5
842699,7.5
842860,7.5
843149,7.5
843353,7.5
843780,7.5
844512,7.5
844712,7.5
845210,10.0
845522,7.5
845939,7.5
845970,7.5
846620,7.5
847150,0.0
847930,7.5
848071,7.5
848180,7.5
848299,7.5
848420,7.5
850519,7.5
850940,20.0
851140,15.0
851310,8.0
851420,7.5
851490,7.5
852849,10.0
853390,0.0
853690,10.0
853931,10.0
854121,0.0
854233,0.0
854320,7.5
854430,15.0
854470,0.0
854720,10.0
860110,10.0
870323,125.0
870421,40.0
870840,15.0
890120,10.0
890130,10.0
890610,10.0
900640,10.0
901580,7.5
902789,0.0
902990,7.5
903031,10.0
940153,25.0
940370,25.0
940542,25.0
940599,25.0
950300,60.0
960810,10.0
970610,10.0
010599,30.0
020726,30.0
020742,30.0
020860,30.0
030213,30.0
030221,30.0
030234,30.0
030252,30.0
030354,30.0
030383,30.0
030455,30.0
030491,30.0
030633,30.0
030752,30.0
030821,30.0
040811,30.0
051110,30.0
071233,30.0
080251,30.0
080830,35.0
081340,30.0
100490,0.0
110430,30.0
120600,30.0
121294,30.0
151229,100.0
151319,100.0
151790,100.0
160231,30.0
160529,30.0
180620,30.0
180631,30.0
190410,30.0
200290,30.0
200870,30.0
200891,30.0
220299,30.0
220430,150.0
230250,30.0
230690,30.0
240110,30.0
240412,30.0
240492,30.0
251720,10.0
252800,10.0
261790,5.0
261900,5.0
262091,5.0
271012,10.0
280620,10.0
281217,10.0
281511,10.0
282120,10.0
282510,10.0
282630,10.0
282919,10.0
283110,10.0
283330,10.0
283340,10.0
284530,10.0
290349,10.0
290381,10.0
290391,10.0
291450,10.0
293142,10.0
293145,10.0
293219,10.0
293294,10.0
293331,10.0
293339,10.0
310229,10.0
310311,10.0
320810,10.0
330420,20.0
340130,10.0
350300,30.0
350790,10.0
360350,10.0
370191,10.0
370241,10.0
380859,10.0
381119,10.0
382212,10.0
382483,10.0
382541,10.0
382600,10.0
382751,10.0
390450,10.0
390740,10.0
390890,10.0
390910,10.0
391000,10.0
391212,10.0
392220,15.0
400220,10.0
401019,10.0
401512,10.0
401691,10.0
420221,15.0
420229,15.0
440325,5.0
440396,5.0
440712,10.0
440726,10.0
440796,10.0
441819,10.0
480421,10.0
481490,10.0
481690,10.0
500300,25.0
500720,25.0
510521,20.0
511111,25.0
520512,20.0
520532,20.0
520612,20.0
520823,25.0
520919,25.0
521139,25.0
540753,25.0
540781,25.0
550119,20.0
550510,25.0
550951,20.0
550992,20.0
551090,20.0
551522,25.0
551632,25.0
560314,25.0
560500,20.0
570232,25.0
570500,25.0
591140,25.0
610290,25.0
611699,25.0
620190,25.0
620333,25.0
620630,25.0
620719,25.0
621320,25.0
630319,25.0
630491,25.0
630622,25.0
630710,25.0
640299,35.0
640359,35.0
640620,20.0
680223,40.0
681320,15.0
690290,10.0
700330,10.0
700711,15.0
701110,10.0
701120,10.0
701333,20.0
701610,10.0
701969,10.0
711039,12.5
720270,15.0
721430,15.0
721661,15.0
721990,16.875
722519,15.0
722592,15.0
722830,15.0
730711,15.0
731590,15.0
732010,15.0
732020,15.0
740311,5.0
740319,5.0
740620,5.0
740939,5.0
741012,5.0
741121,10.0
750810,5.0
760320,7.5
800300,5.0
811300,10.0
820720,10.0
840490,10.0
840590,7.5
840820,15.0
840890,15.0
841311,8.33333333333333
841510,20.0
841690,7.5
841780,7.5
841920,7.5
842511,7.5
842691,7.5
843031,7.5
843110,7.5
843239,7.5
843319,8.75
843699,7.5
844339,7.5
844511,7.5
844513,7.5
844811,7.5
845611,7.5
846012,7.5
846239,7.5
846251,7.5
846595,7.5
847290,7.5
847350,0.0
847960,7.5
848610,7.5
850640,15.0
850811,10.0
850860,10.0
851120,15.0
851679,20.0
851690,10.0
852359,5.0
852691,7.5
852791,10.0
852799,10.0
852852,10.0
853329,0.0
853590,7.5
853929,11.0
854232,0.0
860729,10.0
870130,10.0
870331,125.0
870370,125.0
870892,15.0
870895,15.0
880212,10.0
880610,10.0
880699,10.0
900130,10.0
902190,10.0
902511,8.75
902620,0.0
903010,7.5
910121,20.0
910690,10.0
920600,10.0
930310,10.0
940210,10.0
940610,10.0
961100,20.0
961210,10.0
961310,20.0
010641,30.0
020230,30.0
020890,30.0
021020,30.0
030285,30.0
030366,30.0
030459,30.0
030462,30.0
030549,30.0
030561,30.0
030563,30.0
030729,30.0
030799,30.0
040719,30.0
050710,30.0
060290,10.0
070700,30.0
070951,30.0
070960,30.0
070992,30.0
071029,30.0
071331,30.0
080131,30.0
080280,100.0
080450,30.0
081330,30.0
090210,100.0
091011,30.0
110220,30.0
110423,30.0
120750,30.0
120910,30.0
120925,30.0
150210,15.0
150410,30.0
150810,100.0
151499,75.0
151710,100.0
160290,30.0
160415,30.0
170410,45.0
180200,30.0
180500,30.0
200540,30.0
230800,30.0
250610,10.0
251520,40.0
260120,5.0
261210,5.0
271129,10.0
280200,5.0
280469,5.0
282570,10.0
282735,10.0
283210,10.0
290270,10.0
290531,10.0
290543,30.0
290811,10.0
292011,10.0
292141,10.0
292221,10.0
292411,10.0
293391,10.0
293392,10.0
293623,10.0
300410,10.0
300432,10.0
320419,10.0
320500,10.0
350220,30.0
360320,10.0
370239,10.0
370255,10.0
380910,30.0
381220,10.0
382410,10.0
382487,10.0
382711,10.0
400819,10.0
401036,10.0
401695,15.0
410330,0.0
410622,10.0
410632,10.0
420212,15.0
420321,10.0
420340,10.0
430160,15.0
440321,5.0
440394,5.0
440692,10.0
440799,10.0
440831,10.0
440922,10.0
442019,10.0
460290,10.0
480256,10.0
480890,10.0
481820,10.0
482030,10.0
482340,10.0
490110,10.0
490520,0.0
500600,25.0
510129,25.0
510310,25.0
511120,25.0
520411,20.0
520524,20.0
520931,25.0
540249,20.0
540333,20.0
540741,25.0
540791,25.0
550190,20.0
550700,20.0
551423,25.0
551634,25.0
551692,25.0
560122,25.0
560410,20.0
580123,25.0
590110,25.0
590320,25.0
590700,25.0
600523,25.0
610120,25.0
610729,25.0
610811,25.0
610891,25.0
610892,25.0
611420,25.0
611529,25.0
611594,25.0
620690,25.0
621111,25.0
630399,25.0
630411,25.0
640590,35.0
670100,10.0
681490,10.0
691200,18.0
691310,10.0
691410,10.0
700530,10.0
701328,20.0
701911,10.0
710610,12.5
711291,12.5
711790,20.0
720827,15.0
721399,15.0
721491,15.0
721622,15.0
721650,15.0
721790,15.0
721911,15.0
722530,15.0
722540,15.0
730210,15.0
730429,15.0
730792,15.0
730890,16.25
731582,15.0
732391,20.0
740710,5.0
740821,5.0
741810,20.0
760820,10.0
761090,10.0
780110,5.0
820900,10.0
830120,15.0
840110,7.5
840212,10.0
840510,7.5
840610,7.5
840732,15.0
841229,7.5
841520,20.0
841590,20.0
841911,8.75
842010,7.5
842211,10.0
842832,7.5
843330,7.5
843790,7.5
843820,7.5
843930,7.5
844010,7.5
844313,7.5
844314,7.5
844590,7.5
845090,8.75
845811,7.5
845921,7.5
846140,7.5
846224,7.5
848140,7.5
850120,15.0
850680,15.0
850870,10.0
853010,7.5
853669,10.0
854420,10.0
854939,10.0
854991,10.0
870322,125.0
870442,40.0
870510,10.0
870829,15.0
871491,20.0
871680,10.0
880621,10.0
900110,15.0
900190,10.0
900630,10.0
901180,7.5
901530,7.5
902580,7.5
902720,0.0
911011,10.0
911019,10.0
911440,10.0
911490,10.0
920290,10.0
930190,10.0
940141,25.0
940179,25.0
950824,20.0
960719,10.0
961390,20.0
961610,20.0
010190,30.0
020760,30.0
030119,30.0
030193,30.0
030359,30.0
030484,30.0
030495,30.0
030539,30.0
030544,30.0
030559,30.0
040150,30.0
040630,30.0
070410,30.0
071140,30.0
071190,30.0
071334,40.0
080119,70.0
081020,30.0
090122,100.0
090300,30.0
090832,70.0
091020,30.0
110290,30.0
121190,30.0
121292,30.0
130212,30.0
160232,100.0
160554,30.0
170240,30.0
200110,30.0
200799,30.0
200949,50.0
210320,30.0
230310,30.0
240311,30.0
251612,40.0
252020,10.0
252100,10.0
252310,10.0
252620,10.0
261610,5.0
270300,10.0
271019,10.0
280300,5.83333333333333
280480,5.0
282690,10.0
283311,10.0
283510,10.0
283640,10.0
284590,10.0
285390,10.0
290230,10.0
290244,10.0
290322,10.0
290351,10.0
290373,10.0
290376,10.0
290389,10.0
290513,10.0
290532,10.0
290545,10.0
291614,10.0
291734,10.0
291816,10.0
292019,10.0
292211,10.0
292620,10.0
293146,10.0
293213,10.0
293349,10.0
293371,10.0
293379,10.0
293540,10.0
300251,10.0
310551,5.0
320414,10.0
340239,10.0
380852,10.0
380899,10.0
381090,10.0
381300,10.0
382219,10.0
382485,10.0
382549,10.0
382769,10.0
382790,10.0
390220,10.0
390440,10.0
390512,10.0
390769,10.0
390770,10.0
391211,10.0
391400,10.0
391731,10.0
391732,10.0
392690,15.0
400110,70.0
400239,10.0
401012,10.0
401034,10.0
401700,10.0
410150,0.0
410799,10.0
411320,10.0
411420,10.0
430219,10.0
440910,10.0
441874,10.0
441882,10.0
470200,5.0
470329,5.0
480240,10.0
480429,10.0
480459,10.0
481039,10.0
482110,10.0
490600,10.0
520533,20.0
520843,25.0
520939,25.0
521049,25.0
521111,25.0
521120,25.0
521149,25.0
521152,25.0
530210,30.0
530390,25.0
540211,20.0
540244,20.0
540262,20.0
540342,20.0
550330,20.0
550953,20.0
550961,20.0
551011,20.0
551291,25.0
551311,25.0
551321,25.0
551512,25.0
551622,25.0
560729,20.0
570239,25.0
570250,25.0
580127,25.0
580190,25.0
580631,25.0
581100,25.0
610349,25.0
610444,25.0
610712,25.0
610822,25.0
611780,25.0
620140,25.0
620449,25.0
620459,25.0
620640,25.0
621600,25.0
621790,25.0
630539,25.0
640212,35.0
640419,35.0
650610,10.0
650699,10.0
670210,20.0
670290,20.0
681410,10.0
700100,10.0
700721,15.0
701590,10.0
701810,13.3333333333333
710229,10.0
720450,15.0
720916,15.0
721119,15.0
721240,15.0
721610,15.0
721632,15.0
722219,15.0
722699,15.0
730240,15.0
731450,15.0
740321,5.0
740911,5.0
750720,5.0
810294,5.0
810295,5.0
820320,10.0
820330,10.0
841182,10.0
841459,12.5
841490,8.21428571428571
842111,7.5
842220,7.5
842420,7.5
842482,7.5
842519,7.5
842531,7.5
842630,7.5
842831,7.5
843143,7.5
843229,7.5
843810,7.5
843830,7.5
844820,7.5
845221,7.5
846490,7.5
846693,7.5
846781,7.5
846880,7.5
847521,7.5
848710,7.5
850432,10.0
851230,15.0
851810,15.0
852351,10.0
852412,15.0
853210,0.0
853222,0.0
854790,10.0
854800,10.0
854913,10.0
854921,10.0
860610,10.0
871492,20.0
871639,10.0
880100,10.0
880240,3.0
880622,10.0
880692,10.0
890323,25.0
890790,10.0
900140,10.0
901050,7.5
901090,7.5
901210,7.5
902490,7.5
910591,20.0
930120,10.0
930591,10.0
940310,25.0
940383,25.0
940529,25.0
940561,25.0
950629,20.0
950821,20.0
960340,20.0
961380,20.0
961511,20.0
961700,20.0
970122,10.0
970191,10.0
030326,30.0
030334,30.0
030344,30.0
030739,30.0
030784,30.0
040221,60.0
040711,30.0
050400,30.0
050800,30.0
051199,30.0
060311,60.0
070610,30.0
070810,30.0
070955,30.0
080940,25.0
081030,30.0
090112,100.0
090811,30.0
090821,30.0
100290,0.0
100610,80.0
100640,80.0
110520,30.0
121020,30.0
121140,30.0
130190,30.0
150430,30.0
151329,100.0
160250,30.0
160558,30.0
200190,30.0
200820,30.0
200912,35.0
200981,50.0
230500,30.0
250590,10.0
262060,5.0
270112,10.0
270400,10.0
270900,5.0
280440,5.0
281129,10.0
283220,10.0
283524,10.0
283539,10.0
284420,10.0
284441,10.0
284520,10.0
285310,10.0
290110,10.0
290312,10.0
290549,10.0
290619,10.0
290899,10.0
291090,10.0
291260,10.0
291524,10.0
291560,10.0
291814,10.0
292029,10.0
292090,10.0
292146,10.0
292215,10.0
292239,10.0
292310,10.0
292423,10.0
293154,10.0
293220,10.0
293334,10.0
293750,10.0
293919,10.0
293943,10.0
310221,5.0
310490,10.0
320110,10.0
320650,10.0
320890,10.0
330720,20.0
330790,20.0
340540,10.0
350211,30.0
350219,30.0
370253,10.0
370400,10.0
382311,30.0
382590,10.0
382739,10.0
382759,10.0
390330,10.0
390791,10.0
390950,10.0
391530,10.0
391739,10.0
391740,10.0
391990,11.6666666666667
392099,10.2631578947368
400510,10.0
400520,10.0
400599,10.0
401011,10.0
410229,0.0
420231,15.0
420310,10.0
440149,5.0
440711,10.0
440795,10.0
441012,10.0
441259,10.0
441875,10.0
442090,10.0
442199,10.0
470100,5.0
480431,10.0
480449,10.0
480540,10.0
480592,10.0
481850,10.0
481890,10.0
491110,10.0
511190,25.0
520515,20.0
520811,25.0
520812,25.0
520922,25.0
521039,25.0
521213,25.0
530610,25.0
540120,20.0
540239,20.0
540248,20.0
540419,20.0
540769,25.0
550319,20.0
551313,25.0
551341,25.0
551419,25.0
551591,25.0
551644,25.0
560890,25.0
570331,25.0
580126,25.0
580500,25.0
580639,25.0
591132,25.0
610423,25.0
610462,25.0
610839,25.0
611012,25.0
611019,25.0
611510,25.0
611595,25.0
620130,25.0
620331,25.0
620341,25.0
620729,25.0
620899,25.0
621590,25.0
640312,35.0
640351,35.0
680293,40.0
680299,10.0
690723,15.0
691110,20.0
700320,10.0
700521,10.0
701966,10.0
710399,10.0
711590,10.0
720250,15.0
720291,15.0
721113,15.0
722240,15.0
730110,15.0
730290,15.0
730411,15.0
730840,15.0
731414,15.0
731441,15.0
731449,15.0
731812,15.0
731829,20.0
732510,15.0
740921,5.0
741011,5.0
760529,7.5
760611,7.5
811100,6.25
811249,10.0
821490,10.0
830510,20.0
830630,20.0
831130,10.0
841111,7.5
841392,7.5
841840,15.0
841950,7.5
842121,8.33333333333333
842139,12.5
842539,7.5
842611,7.5
843139,7.5
843410,7.5
843710,7.5
843890,7.5
844311,7.5
844630,7.5
845121,10.0
845310,7.5
845420,7.5
845430,7.5
846820,7.5
848041,7.5
848340,7.5
848620,7.5
850180,10.0
850213,10.0
851519,10.0
851521,10.0
851718,0.0
852492,15.0
852729,10.0
852859,10.0
852873,10.0
853225,0.0
854610,10.0
870122,10.0
880730,3.0
890333,25.0
900211,10.0
900720,10.0
901590,7.5
902221,10.0
902680,0.0
903110,7.5
910119,20.0
910820,10.0
940120,25.0
940382,25.0
940511,25.0
940521,25.0
940541,25.0
940549,25.0
950430,20.0
010129,30.0
020311,30.0
020441,30.0
020743,30.0
020752,30.0
020810,30.0
021091,30.0
030195,30.0
030231,30.0
030242,30.0
030247,30.0
030314,30.0
030329,30.0
030333,30.0
030341,30.0
030461,30.0
030463,30.0
030493,30.0
030619,30.0
030781,30.0
030811,30.0
060240,10.0
060312,60.0
070940,30.0
071040,30.0
071320,70.0
080270,30.0
080292,100.0
080540,25.0
080550,40.0
080720,30.0
081090,30.0
091091,30.0
100111,100.0
110429,30.0
110820,30.0
120760,30.0
120810,30.0
120924,30.0
121229,30.0
130211,30.0
150300,30.0
150500,30.0
151190,100.0
151521,100.0
170112,100.0
180690,30.0
190110,50.0
200559,30.0
200570,30.0
200811,30.0
210330,30.0
220710,150.0
250410,10.0
252330,10.0
252930,10.0
262029,5.0
270111,10.0
271099,10.0
271114,10.0
271210,10.0
281820,10.0
282732,10.0
282760,10.0
283919,10.0
284443,10.0
290121,10.0
290311,10.0
290361,10.0
290372,10.0
290383,10.0
290930,10.0
291639,10.0
291732,10.0
291830,10.0
292022,10.0
292231,10.0
292242,10.0
292419,10.0
292910,10.0
293296,10.0
293491,10.0
293624,10.0
293712,10.0
293719,10.0
293729,10.0
293944,10.0
294120,10.0
300242,10.0
300320,10.0
300342,10.0
300349,10.0
300443,10.0
310319,10.0
310560,5.0
320418,10.0
320642,10.0
321100,10.0
321519,10.0
330300,20.0
330410,20.0
330749,20.0
350691,10.0
370254,10.0
381210,10.0
381239,10.0
382486,10.0
382764,10.0
390710,10.0
391239,10.0
391510,10.0
392061,10.0
392073,10.0
392079,10.0
392093,10.0
392210,15.0
400591,10.0
401410,10.0
401590,10.0
410120,0.0
410419,10.0
410621,10.0
420239,15.0
420291,15.0
440131,5.0
440391,5.0
440397,5.0
440611,10.0
440612,10.0
440722,10.0
440929,10.0
441911,10.0
450200,10.0
460193,10.0
460194,10.0
480220,10.0
480630,10.0
481022,10.0
481141,10.0
481149,10.0
482020,10.0
482290,10.0
490191,10.0
490810,10.0
510531,20.0
520299,25.0
520611,20.0
520642,20.0
520929,25.0
520951,25.0
521132,25.0
530890,25.0
530919,25.0
540794,25.0
550130,20.0
560312,25.0
580220,25.0
580632,25.0
591131,25.0
600199,25.0
600539,25.0
600632,25.0
610343,25.0
610610,25.0
610831,25.0
611020,25.0
611691,25.0
620413,25.0
620469,25.0
620791,25.0
620811,25.0
621710,25.0
630110,25.0
630140,25.0
640610,20.0
650691,10.0
680800,10.0
681512,10.0
690912,10.0
700910,15.0
701349,20.0
701961,10.0
701980,10.0
710590,10.0
720260,15.0
720441,15.0
720915,15.0
721210,15.0
721220,15.0
721410,15.0
721640,15.0
722720,15.0
730424,15.0
730439,15.0
730539,15.0
730611,15.0
731300,15.0
741533,10.0
741820,10.0
760711,7.5
761100,10.0
761300,10.0
761510,20.0
800120,5.0
810530,5.0
810921,10.0
820780,10.0
821110,10.0
821193,10.0
830260,15.0
831120,10.0
841013,10.0
841620,7.5
841861,15.0
842541,7.5
842911,7.5
845941,7.5
846249,7.5
846593,7.5
846711,7.5
846799,7.5
847141,0.0
847160,0.0
847170,0.0
847710,7.5
848130,7.5
848280,7.5
850161,10.0
850172,10.0
850434,10.0
850520,7.5
850720,15.0
850819,10.0
851030,20.0
851771,20.0
852321,10.0
852610,7.5
853090,7.5
854142,20.0
860692,10.0
870192,10.0
870520,10.0
890710,10.0
900490,10.0
900850,10.0
901540,7.5
901849,10.0
902150,10.0
903180,15.0
910211,20.0
930599,10.0
940139,25.0
940360,25.0
940429,25.0
950669,20.0
960920,10.0
970192,10.0
970290,10.0
010690,30.0
020421,30.0
020422,30.0
020423,30.0
020630,30.0
020649,30.0
030211,30.0
030272,30.0
030281,30.0
030367,30.0
030489,30.0
030496,30.0
030541,30.0
030552,30.0
030695,30.0
030742,30.0
030749,30.0
030829,30.0
030910,30.0
041090,30.0
050100,30.0
060490,30.0
070200,30.0
070890,30.0
080390,30.0
080420,30.0
080910,30.0
081110,30.0
081210,30.0
090510,30.0
090620,30.0
090931,30.0
100119,100.0
110610,30.0
110812,50.0
120230,30.0
151560,100.0
160414,30.0
160562,30.0
170114,100.0
170260,30.0
190220,30.0
190230,30.0
200819,33.0
200939,50.0
220421,150.0
230240,30.0
230630,30.0
240210,60.0
240391,30.0
251120,10.0
252220,10.0
260600,5.0
262011,10.0
262040,5.0
271600,40.49
280512,5.0
281119,10.0
281410,5.0
281990,10.0
282490,10.0
282530,10.0
283630,10.0
284011,10.0
284190,10.0
290124,10.0
290420,10.0
290434,10.0
290499,10.0
290712,10.0
290729,10.0
291462,10.0
291737,10.0
292113,10.0
292130,10.0
292142,10.0
292244,10.0
292512,10.0
293010,10.0
293030,10.0
293152,10.0
293211,10.0
293341,10.0
293410,10.0
293626,10.0
293723,10.0
293972,10.0
293980,10.0
300249,10.0
300360,10.0
300693,10.0
310510,10.0
321310,10.0
330190,30.0
370252,10.0
370297,10.0
370310,10.0
380210,10.0
380620,10.0
382211,10.0
390319,10.0
391620,10.0
392051,10.0
392329,15.0
392340,15.0
392350,15.0
392390,15.0
392590,15.0
400130,10.0
400211,10.0
400241,10.0
400270,10.0
401031,10.0
440398,5.0
440410,10.0
440792,10.0
441249,10.0
441830,10.0
441891,10.0
450110,10.0
470692,5.0
480210,10.0
480530,10.0
500790,25.0
510529,20.0
510540,20.0
520521,20.0
520543,20.0
520547,20.0
520633,20.0
520635,20.0
520842,25.0
540331,20.0
540341,20.0
540412,20.0
550140,20.0
550620,20.0
550912,20.0
550962,20.0
550999,20.0
551030,20.0
551319,25.0
551412,25.0
551421,25.0
551422,25.0
560311,25.0
560391,25.0
570339,25.0
580110,25.0
580430,25.0
580620,25.0
590220,25.0
591120,25.0
600191,25.0
600536,25.0
610333,25.0
610341,25.0
611300,25.0
620799,25.0
630222,25.0
630392,25.0
630630,25.0
640411,35.0
680421,10.0
690510,15.0
690590,15.0
700210,10.0
700312,10.0
701020,10.0
710110,10.0
710491,10.0
710692,12.5
710700,12.5
711031,12.5
711049,12.5
721420,15.0
721934,15.0
722611,15.0
730300,15.0
730511,15.0
730619,15.0
730799,20.0
730900,15.0
731589,15.0
731819,15.0
731940,15.0
732219,15.0
740610,5.0
761691,10.0
810199,10.0
810690,7.5
821591,10.0
830160,20.0
830210,15.0
830249,15.0
830250,15.0
841121,7.5
841370,7.5
841829,20.0
842122,7.5
842382,7.5
842449,7.5
842840,7.5
842930,7.5
842952,7.5
843242,7.5
843510,7.5
844090,7.5
844831,7.5
845129,7.5
845521,7.5
845910,7.5
845929,7.5
846031,7.5
846630,7.5
847329,0.0
847420,7.5
847780,7.5
847810,7.5
848330,7.5
848410,7.5
850133,15.0
850239,10.0
850300,9.375
851419,7.5
852589,20.0
852713,10.0
853110,10.0
853224,0.0
853290,0.0
853339,0.0
853529,10.0
853630,10.0
853939,10.0
853949,10.0
854071,10.0
854590,7.5
870123,10.0
870129,10.0
870340,125.0
870911,10.0
871420,10.0
890312,25.0
900390,10.0
901110,7.5
901510,7.5
901600,10.0
902910,8.75
910390,20.0
910511,20.0
911090,10.0
911290,10.0
920790,10.0
920994,10.0
930630,10.0
940490,25.0
940690,10.0
950590,20.0
950840,20.0
960200,10.0
970121,10.0
970521,10.0
010611,30.0
010639,30.0
020312,30.0
030214,30.0
030219,30.0
030319,30.0
030332,30.0
030382,30.0
030384,30.0
030441,30.0
030446,30.0
030634,30.0
040140,30.0
040320,30.0
040520,40.0
040610,30.0
070490,30.0
070519,30.0
070529,30.0
070952,30.0
070959,30.0
080440,30.0
080522,30.0
090619,30.0
100710,80.0
110620,30.0
110900,30.0
120791,70.0
121293,30.0
130120,30.0
130213,30.0
140490,30.0
151511,100.0
152190,30.0
160552,30.0
170191,100.0
170490,30.0
180632,30.0
190190,30.0
240319,30.0
250200,10.0
262190,5.0
270600,10.0
270750,10.0
270810,10.0
281390,10.0
281910,10.0
282110,10.0
282911,10.0
283324,10.0
284170,10.0
290129,10.0
290241,10.0
290315,10.0
290341,10.0
290342,10.0
290379,10.0
290511,10.0
290514,10.0
291212,10.0
291250,10.0
291511,10.0
292145,10.0
292151,10.0
293329,10.0
293333,10.0
293942,10.0
293979,10.0
300120,10.0
300259,10.0
300420,10.0
320290,10.0
330491,20.0
330510,20.0
360690,10.0
381900,10.0
382489,10.0
382520,10.0
390730,10.0
392321,15.0
392610,15.0
410411,10.0
410530,10.0
410631,10.0
410712,10.0
410719,10.0
411330,10.0
440311,5.0
440797,10.0
441299,10.0
441811,10.0
441879,10.0
441889,10.0
470630,5.0
470720,10.0
480254,10.0
480269,10.0
481029,10.0
481159,10.0
481620,10.0
491191,10.0
511230,25.0
520513,20.0
520527,20.0
520644,20.0
521141,25.0
521143,25.0
521211,25.0
521212,25.0
530820,25.0
540233,20.0
540751,25.0
540774,25.0
550941,20.0
551614,25.0
560749,20.0
560750,20.0
570190,25.0
570249,25.0
580610,25.0
591190,25.0
600330,25.0
600542,25.0
610441,25.0
610469,25.0
610722,25.0
611130,25.0
611239,25.0
611249,25.0
620429,25.0
620721,25.0
621430,25.0
621440,25.0
630232,25.0
630800,25.0
680620,10.0
680790,10.0
681291,10.0
681299,10.0
690100,10.0
691390,10.0
700719,15.0
701971,10.0
710410,10.0
710691,12.5
711292,12.5
711319,20.0
720825,15.0
721069,15.0
721230,15.0
721924,15.0
722011,15.0
722090,15.0
722211,15.0
722591,15.0
722620,15.0
722710,15.0
730120,15.0
730230,15.0
730419,15.0
730729,25.0
731519,15.0
731821,15.0
732090,18.3333333333333
740313,5.0
750890,5.0
760410,7.5
780199,5.0
780419,5.0
810196,5.0
811213,5.0
811239,10.0
820110,10.0
821192,10.0
821420,10.0
840681,10.0
840910,15.0
841630,7.5
842191,7.5
842310,10.0
842720,7.5
843049,7.5
843880,7.5
843999,7.5
844110,7.5
844859,7.5
845612,7.5
846029,7.5
846729,7.5
847629,7.5
847690,7.5
848010,7.5
848030,7.5
848190,7.5
848690,7.5
850134,15.0
850423,10.0
850590,7.5
851390,7.5
852872,20.0
852990,10.0
853649,15.0
854040,5.0
854390,7.5
854912,10.0
854914,10.0
870220,40.0
870360,125.0
870410,40.0
871160,100.0
890321,25.0
890510,10.0
900219,10.0
900699,10.0
900890,10.0
902212,10.0
902610,0.0
902820,7.5
903090,8.75
910191,20.0
920190,10.0
940191,25.0
950662,20.0
960621,10.0
960899,10.0
970510,10.0
010515,30.0
020500,30.0
020690,30.0
020725,30.0
020744,30.0
020850,30.0
030233,30.0
030323,30.0
030368,30.0
030432,30.0
030448,30.0
030469,30.0
030472,30.0
030479,30.0
030485,30.0
030614,30.0
030792,30.0
080222,30.0
080231,120.0
081400,30.0
090121,100.0
090411,70.0
090520,30.0
090710,70.0
090962,30.0
120721,30.0
120729,30.0
120730,30.0
120921,30.0
120929,30.0
121300,30.0
151529,100.0
160412,30.0
180100,30.0
190510,30.0
190531,45.0
190532,45.0
200580,30.0
200971,50.0
200979,50.0
220510,150.0
230610,30.0
230660,30.0
240120,30.0
240411,30.0
251310,10.0
251730,10.0
253010,10.0
261590,5.0
270120,10.0
270820,10.0
271111,10.0
280421,5.0
280800,10.0
281112,10.0
281213,10.0
281214,10.0
281530,10.0
281610,10.0
282410,10.0
283230,10.0
283719,10.0
284330,10.0
284510,10.0
290243,10.0
290250,10.0
290344,10.0
290369,10.0
290960,10.0
291471,10.0
291817,10.0
292159,10.0
292229,10.0
292390,10.0
292990,10.0
293295,10.0
293332,10.0
293369,10.0
300630,10.0
320120,10.0
320490,10.0
320649,10.0
340600,25.0
370120,10.0
380290,10.0
380610,10.0
382499,17.5
382768,10.0
390390,10.0
390469,10.0
390750,10.0
391190,10.0
391390,10.0
391710,10.0
391729,10.0
392071,10.0
392490,15.0
400942,10.0
401211,10.0
401699,11.1111111111111
410692,10.0
411310,10.0
420292,15.0
430211,10.0
440393,5.0
441234,10.0
441241,10.0
441291,10.0
441300,10.0
441410,10.0
441912,10.0
470411,5.0
480452,10.0
480550,10.0
480610,10.0
480840,10.0
481013,10.0
481151,10.0
491199,10.0
510121,30.0
510320,25.0
510810,20.0
520100,25.0
520419,20.0
520624,20.0
520912,25.0
521224,25.0
540232,20.0
540269,20.0
550690,20.0
550922,20.0
551349,25.0
551411,25.0
551441,25.0
551612,25.0
551642,25.0
551694,25.0
600537,25.0
600631,25.0
610422,25.0
610459,25.0
610590,25.0
610719,25.0
610799,25.0
610910,25.0
611599,25.0
620423,25.0
620610,25.0
620711,25.0
621142,25.0
630493,25.0
631010,25.0
631090,25.0
640399,35.0
660390,10.0
680291,40.0
681019,10.0
700729,15.0
701510,10.0
701964,10.0
701965,10.0
710231,10.0
710510,10.0
720150,15.0
720219,15.0
720690,15.0
721049,15.0
721190,15.0
722410,15.0
730520,15.0
730640,15.0
731010,15.0
731021,15.0
731600,15.0
740200,5.0
740400,5.0
740931,5.0
741129,10.0
741539,10.0
750521,5.0
760720,7.5
761210,10.0
761490,10.0
790390,5.0
790400,5.0
810110,5.0
810320,5.0
820520,10.0
820551,10.0
820713,10.0
821220,10.0
830400,20.0
830629,20.0
840140,7.5
841850,15.0
842381,7.5
842890,7.5
843311,8.75
843360,7.5
843420,7.5
843621,7.5
844240,7.5
844391,7.5
845110,7.5
845490,7.5
845710,7.5
845891,7.5
846019,7.5
846225,7.5
846226,7.5
847029,0.0
847432,7.5
847740,7.5
848310,11.25
850410,10.0
850990,10.0
851431,7.5
851629,20.0
851762,2.5
852349,10.0
852583,20.0
852712,10.0
853321,0.0
854091,10.0
854143,20.0
854290,0.0
854330,7.5
854419,15.0
854520,7.5
854911,10.0
860711,10.0
870195,10.0
870850,15.0
871130,100.0
871310,10.0
871499,20.0
880624,10.0
890399,25.0
901380,7.5
901813,10.0
901819,10.0
901831,10.0
902000,10.0
902750,0.0
902810,7.5
903032,7.5
903082,0.0
910229,20.0
910310,20.0
910812,10.0
920210,10.0
920999,10.0
930629,10.0
940330,25.0
950450,20.0
950790,20.0
950826,20.0
950830,20.0
960329,20.0
961320,20.0
020130,30.0
030236,30.0
030245,30.0
030442,30.0
030445,30.0
030499,30.0
030572,30.0
030631,30.0
030743,30.0
040490,40.0
060313,60.0
060319,60.0
070110,30.0
070920,30.0
070930,30.0
080252,30.0
100191,100.0
110813,30.0
110814,50.0
120890,30.0
121160,30.0
130219,30.0
150790,45.0
151311,100.0
170250,30.0
190240,30.0
200840,30.0
200850,30.0
200961,50.0
210210,30.0
220600,150.0
240290,30.0
251620,10.0
252321,10.0
260700,5.0
261220,5.0
261710,5.0
261800,5.0
271390,10.0
281211,10.0
281640,10.0
281830,10.0
282590,10.0
282710,10.0
283321,10.0
283522,10.0
285290,10.0
290123,10.0
290432,10.0
290435,10.0
290943,10.0
291411,10.0
291632,10.0
291739,10.0
291812,10.0
292112,10.0
292330,10.0
292610,10.0
293499,10.0
293520,10.0
293530,10.0
293961,10.0
294130,10.0
300212,10.0
300341,10.0
300343,10.0
310559,5.0
320417,10.0
320990,10.0
330590,20.0
340119,10.0
340319,10.0
370296,10.0
370298,10.0
370390,10.0
381129,10.0
381600,10.0
382731,10.0
390190,10.0
392030,10.0
392510,15.0
392530,15.0
392630,15.0
400912,10.0
401035,10.0
420500,10.0
430400,10.0
440399,5.0
440890,10.0
441242,10.0
441700,10.0
441883,10.0
441920,10.0
442191,10.0
450390,10.0
480257,10.0
480920,10.0
481310,10.0
481950,10.0
510400,20.0
510620,20.0
520613,20.0
520819,25.0
520829,25.0
520911,25.0
520959,25.0
530129,30.0
540220,20.0
540231,20.0
540783,25.0
550290,20.0
550630,20.0
570242,25.0
580790,25.0
580810,25.0
600490,25.0
600544,25.0
610433,25.0
610449,25.0
610711,25.0
611211,25.0
620443,25.0
630251,25.0
680221,40.0
680422,10.0
681182,10.0
700991,15.0
701337,20.0
710812,12.5
711419,20.0
711610,10.0
720310,15.0
720390,15.0
720429,15.0
720826,15.0
720840,15.0
721633,15.0
721932,15.0
722599,15.0
731210,15.0
731419,15.0
731814,15.0
732620,15.0
740500,5.0
740819,5.0
741122,10.0
760110,7.5
760421,7.5
760511,7.5
790700,10.0
810391,10.0
810399,10.0
811221,5.0
820150,10.0
830130,20.0
830790,10.0
840710,15.0
840729,15.0
841420,9.16666666666667
841460,7.5
841821,20.0
841919,10.0
841935,7.5
841960,7.5
841989,7.77777777777778
841990,8.75
842099,7.5
842320,7.5
842389,7.5
842490,7.5
842810,7.5
843050,7.5
843120,7.5
843590,7.5
843920,7.5
844140,7.5
844839,7.5
845011,20.0
845130,8.75
845720,7.5
845899,7.5
846130,7.5
846190,7.5
846211,7.5
846420,7.5
846692,7.5
846719,7.5
847021,0.0
847410,7.5
847759,7.5
847940,7.5
848220,7.5
850140,15.0
850240,7.5
850790,10.0
850980,20.0
851150,15.0
851240,15.0
851671,20.0
853080,7.5
853221,0.0
853890,15.0
853932,10.0
854081,10.0
854239,7.5
854460,10.0
860120,10.0
860791,10.0
870790,15.0
870899,15.0
870990,10.0
871390,10.0
880400,10.0
890311,25.0
900710,10.0
900791,10.0
902110,10.0
903289,15.0
910890,10.0
920590,10.0
940519,25.0
950631,20.0
950710,20.0
960110,10.0
960500,10.0
960630,10.0
961620,20.0
970310,10.0
970390,10.0
010594,30.0
021092,30.0
030241,30.0
030284,30.0
030299,30.0
030311,30.0
030351,30.0
030471,30.0
030492,30.0
030562,30.0
030571,30.0
030579,30.0
030699,30.0
041010,30.0
050510,30.0
050590,30.0
070690,30.0
071231,30.0
071232,30.0
071290,30.0
080211,13.66
080510,40.0
100890,0.0
120510,30.0
121490,30.0
130220,30.0
150920,45.0
151221,100.0
151800,100.0
160100,100.0
160417,30.0
170211,30.0
170219,30.0
170220,30.0
170290,30.0
190520,30.0
200520,30.0
200560,30.0
200911,35.0
220590,150.0
250870,10.0
251110,10.0
252329,10.0
253020,10.0
260300,5.0
260900,5.0
262099,5.0
270791,10.0
271119,10.0
271220,10.0
280470,5.0
280511,5.0
281215,10.0
282751,10.0
283010,10.0
283327,10.0
284020,10.0
284180,10.0
284410,10.0
284540,10.0
290220,10.0
290375,10.0
290433,10.0
290544,30.0
290891,10.0
291419,10.0
291431,10.0
291440,10.0
291521,10.0
291815,10.0
292111,10.0
292114,10.0
292121,10.0
292143,10.0
292630,10.0
292690,10.0
293143,10.0
293190,10.0
293311,10.0
293319,10.0
293430,10.0
293550,10.0
294200,10.0
300460,10.0
300590,10.0
310240,10.0
320413,10.0
320641,10.0
320710,10.0
321210,10.0
350699,10.0
360490,10.0
370199,10.0
380400,10.0
380891,10.0
380893,10.0
382484,10.0
382720,10.0
390490,10.0
390530,10.0
390591,10.0
390729,10.0
390931,10.0
392091,10.0
392620,15.0
400610,10.0
401692,10.0
410691,10.0
430130,0.0
440111,5.0
440122,5.0
440139,5.0
440290,5.0
440727,10.0
441873,10.0
441892,10.0
470419,5.0
480512,10.0
481110,10.0
481920,10.0
482090,10.0
490890,10.0
510219,25.0
520511,20.0
520542,20.0
520932,25.0
521151,25.0
530110,30.0
540219,20.0
540252,20.0
540710,25.0
540754,25.0
540824,25.0
540833,25.0
550111,20.0
550931,20.0
551513,25.0
551519,25.0
570210,25.0
570231,25.0
570299,25.0
590410,25.0
590900,25.0
600192,25.0
600538,25.0
600543,25.0
600622,25.0
610323,25.0
610451,25.0
610620,25.0
610721,25.0
611090,25.0
611212,25.0
620220,25.0
620290,25.0
620431,25.0
620461,25.0
630231,25.0
650500,10.0
660320,10.0
670419,10.0
691190,16.6666666666667
700319,10.0
700600,10.0
701310,20.0
701890,10.0
701963,10.0
711320,20.0
711890,12.5
720120,15.0
720299,15.0
720610,15.0
720839,15.0
720854,15.0
721123,15.0
721510,15.0
721550,15.0
721590,15.0
721691,15.0
721720,15.0
721891,15.0
721933,15.0
722230,15.0
731823,15.0
732111,15.0
732490,15.0
732611,15.0
740829,5.0
741210,10.0
750220,5.0
760120,7.5
760521,7.5
761290,10.0
780600,10.0
790310,5.0
800200,5.0
811269,10.0
820420,10.0
820559,10.0
820740,10.0
820830,10.0
840731,15.0
841012,10.0
841122,7.5
841181,10.0
841280,9.5
841330,7.5
841430,15.0
841610,7.5
842549,7.5
842649,7.5
843141,7.5
843680,7.5
844190,7.5
844312,7.5
845019,20.0
845530,7.5
846259,7.5
846594,7.5
847190,0.0
847480,7.5
848230,7.5
848630,7.5
850132,15.0
850153,15.0
850780,15.0
851010,20.0
851411,7.5
851590,7.5
851761,20.0
851989,10.0
852792,10.0
860400,10.0
870390,125.0
870919,10.0
900580,10.0
900661,10.0
900691,10.0
901730,10.0
901790,10.0
902131,10.0
902920,7.5
903033,7.5
903089,7.5
903149,7.5
903281,7.5
930390,10.0
950612,20.0
950651,20.0
960860,10.0
961220,10.0
961590,20.0
970199,10.0
970690,10.0
010130,30.0
010410,30.0
010511,30.0
020442,30.0
020610,30.0
020712,30.0
020830,30.0
030312,30.0
030346,30.0
030357,30.0
030433,30.0
030497,30.0
030779,30.0
040110,30.0
040229,30.0
040291,30.0
050210,30.0
070820,30.0
070956,30.0
071332,30.0
071340,30.0
080121,30.0
080529,30.0
080840,35.0
081350,30.0
090932,30.0
110412,30.0
120799,30.0
130232,30.0
150890,100.0
152110,30.0
160210,30.0
160521,30.0
160551,30.0
160569,30.0
180320,30.0
200390,30.0
200969,50.0
200989,50.0
210420,30.0
250300,10.0
260500,5.0
270740,10.0
271121,10.0
271311,10.0
271320,10.0
282550,10.0
282580,10.0
283529,10.0
283691,10.0
283711,10.0
284990,10.0
290211,10.0
290321,10.0
290359,10.0
290542,10.0
290723,10.0
290819,10.0
290950,10.0
291429,10.0
291439,10.0
291479,10.0
292212,10.0
292249,10.0
292521,10.0
293020,10.0
293153,10.0
293291,10.0
293399,10.0
293629,10.0
293722,10.0
293945,10.0
293949,10.0
300450,10.0
300490,10.0
310100,10.0
310420,10.0
310590,5.0
320740,10.0
321000,10.0
330129,30.0
350110,30.0
350710,10.0
360200,10.0
380510,10.0
382450,10.0
382482,10.0
382510,10.0
382712,10.0
382740,10.0
382761,10.0
390230,10.0
390430,10.0
392190,10.0
400249,10.0
400299,10.0
401212,10.0
401490,10.0
410449,10.0
410510,10.0
411390,10.0
411520,10.0
430310,10.0
441114,10.0
441210,10.0
441292,10.0
450190,10.0
470311,5.0
470620,5.0
480258,10.0
480419,10.0
480511,10.0
482040,10.0
510720,20.0
520522,20.0
520813,25.0
520943,25.0
521215,25.0
540253,20.0
540339,20.0
540600,20.0
540720,25.0
550991,20.0
551110,25.0
551299,25.0
551621,25.0
580122,25.0
581092,25.0
600521,25.0
600623,25.0
610210,25.0
610990,25.0
611030,25.0
611693,25.0
620240,25.0
620343,25.0
620441,25.0
620463,25.0
620530,25.0
620819,25.0
620891,25.0
621143,25.0
630190,25.0
630590,25.0
630690,25.0
630720,25.0
630900,25.0
640110,35.0
680690,10.0
680710,10.0
681011,10.0
681599,10.0
690220,10.0
691010,10.0
700231,10.0
701322,20.0
701341,20.0
701790,10.0
710813,12.5
711011,12.5
711041,12.5
720211,15.0
720712,15.0
720851,15.0
720918,15.0
720928,15.0
721012,27.5
721899,15.0
721914,15.0
721922,15.0
722300,15.0
730449,15.0
730531,15.0
731412,15.0
732181,15.0
732394,20.0
732410,15.0
732429,15.0
741529,10.0
761699,10.0
780200,5.0
790112,5.0
810411,5.0
810991,10.0
811020,5.0
811219,10.0
811229,10.0
820810,10.0
820840,10.0
821410,10.0
830820,10.0
840290,10.0
840310,7.5
841290,7.5
841470,7.5
841869,15.0
841940,7.5
843142,7.5
843352,7.5
846262,7.5
847010,0.0
847090,0.0
847920,7.5
848049,7.5
848060,7.5
848210,7.5
848250,7.5
848580,7.5
850163,10.0
850171,10.0
850650,15.0
851110,15.0
851610,20.0
851633,20.0
851821,15.0
851850,10.0
852581,20.0
853229,0.0
853230,0.0
853540,7.5
853661,10.0
854151,20.0
854160,0.0
854190,0.0
860290,10.0
860699,10.0
860719,10.0
870110,10.0
870124,10.0
870194,10.0
870332,125.0
870380,125.0
880790,10.0
890393,25.0
890400,10.0
900120,10.0
901820,10.0
901832,10.0
903039,7.5
910219,20.0
930320,10.0
940159,25.0
940161,25.0
940340,25.0
940350,25.0
940531,25.0
950490,20.0
950611,20.0
950823,20.0
960400,20.0
010239,30.0
020410,30.0
020443,30.0
020641,30.0
020755,30.0
030229,30.0
030282,30.0
030364,30.0
030365,30.0
030473,30.0
030692,30.0
030771,30.0
030772,30.0
030782,30.0
030830,30.0
040590,40.0
071120,30.0
071159,30.0
071239,30.0
080430,30.0
080711,30.0
081050,30.0
081070,30.0
090421,70.0
090921,30.0
091012,30.0
091099,30.0
100210,0.0
100790,80.0
110320,30.0
110419,30.0
121299,30.0
150120,30.0
150420,30.0
151321,100.0
160416,30.0
160563,30.0
170230,30.0
200830,30.0
200950,50.0
220110,30.0
230700,30.0
250510,10.0
250620,10.0
250850,10.0
251690,10.0
261100,5.0
280610,10.0
282612,10.0
282720,10.0
282749,10.0
283325,10.0
283531,10.0
283692,10.0
284920,10.0
285000,10.0
290313,10.0
290314,10.0
290319,10.0
290323,10.0
290329,10.0
290343,10.0
290512,10.0
290522,10.0
290715,10.0
291300,10.0
291540,10.0
291613,10.0
291711,10.0
291899,10.0
292241,10.0
292243,10.0
293070,10.0
293214,10.0
293292,10.0
293790,10.0
293959,10.0
320210,10.0
320619,10.0
321490,10.0
330113,30.0
330119,30.0
330124,30.0
330125,30.0
330530,20.0
340510,10.0
360360,10.0
370110,10.0
370242,10.0
380991,10.0
381231,10.0
382000,10.0
382213,10.0
382491,10.0
382713,10.0
382762,10.0
390210,10.0
390410,10.0
390810,10.0
391110,10.0
391220,10.0
392043,10.0
392059,10.0
392092,10.0
392094,10.0
400219,10.0
400291,10.0
401039,10.0
401120,12.5
410221,0.0
410320,0.0
411200,10.0
440691,10.0
440714,10.0
440728,10.0
442120,10.0
450310,10.0
470610,5.0
470691,5.0
480300,10.0
481160,10.0
482010,10.0
490210,0.0
500500,25.0
510119,25.0
511300,25.0
520531,20.0
520541,20.0
520622,20.0
520632,20.0
520643,20.0
520851,25.0
521011,25.0
521032,25.0
521059,25.0
521214,25.0
521222,25.0
530130,30.0
530710,25.0
540500,20.0
540730,25.0
540744,25.0
540832,25.0
540834,25.0
550410,20.0
550820,20.0
551012,20.0
551641,25.0
551693,25.0
560721,20.0
580300,25.0
590500,25.0
600535,25.0
600621,25.0
611220,25.0
620339,25.0
620342,25.0
620590,25.0
681519,10.0
690990,10.0
701010,10.0
701400,10.0
701912,10.0
701914,10.0
710429,10.0
711411,20.0
720230,15.0
720521,15.0
721011,15.0
721250,15.0
721320,15.0
721621,15.0
721810,15.0
730629,15.0
730722,15.0
730791,15.0
731811,15.0
740929,5.0
741021,5.0
750400,5.0
750511,5.0
750522,5.0
760200,5.0
780411,5.0
800110,5.0
810194,5.0
810939,10.0
811222,5.0
811299,10.0
820140,10.0
820210,10.0
820411,10.0
820730,10.0
830300,10.0
841480,15.0
842131,10.0
842542,7.5
842612,7.5
842940,7.5
844317,7.5
844790,7.5
845020,7.5
845620,7.5
845969,7.5
846222,7.5
846310,7.5
847050,0.0
847230,7.5
847321,0.0
848291,7.5
850131,15.0
850212,10.0
850231,10.0
850511,7.5
850610,15.0
850630,15.0
851531,10.0
851930,10.0
852290,10.0
852499,15.0
853120,0.0
853641,15.0
853910,15.0
853951,20.0
854370,7.24137931034483
854511,7.5
854929,10.0
860691,10.0
870310,125.0
870324,125.0
870423,40.0
870540,10.0
871496,20.0
880623,10.0
880710,3.0
890322,25.0
900410,20.0
900669,10.0
901490,7.5
901812,10.0
902230,10.0
902710,10.0
903210,7.5
910599,20.0
930700,10.0
940391,25.0
940440,25.0
950661,20.0
950810,20.0
960310,20.0
960350,20.0
960390,20.0
960711,10.0
030349,30.0
030389,30.0
030481,30.0
070190,30.0
080299,100.0
080810,50.0
081120,30.0
151620,100.0
200599,30.0
200921,50.0
240130,30.0
240499,30.0
280540,5.0
282759,10.0
284700,10.0
290348,10.0
290719,10.0
291010,10.0
292511,10.0
292529,10.0
293628,10.0
293690,10.0
293711,10.0
293951,10.0
400259,10.0
401610,10.0
401693,10.0
420100,10.0
420211,15.0
430230,10.0
440420,10.0
440791,10.0
441600,10.0
441821,10.0
441881,10.0
481092,10.0
481420,10.0
481730,10.0
510820,20.0
551130,25.0
551611,25.0
570410,25.0
570490,25.0
581010,25.0
611490,25.0
611790,25.0
620332,25.0
620453,25.0
621210,25.0
621220,25.0
621230,25.0
630240,25.0
630612,25.0
710391,10.0
711510,10.0
721710,15.0
722870,15.0
750120,5.0
760612,7.5
841231,7.5
841583,20.0
842199,10.0
842230,7.5
844833,7.5
844842,7.5
846263,7.5
847971,7.5
851672,20.0
852329,10.0
852491,15.0
852582,20.0
852871,20.0
853400,0.0
854130,0.0
870822,15.0
871610,10.0
901120,7.5
902139,10.0
910400,15.0
930690,10.0
940110,25.0
960840,10.0
010649,30.0
020319,30.0
020727,30.0
021012,30.0
030249,30.0
030279,30.0
030291,30.0
030353,30.0
030447,30.0
030451,30.0
030554,30.0
030615,30.0
030632,30.0
030635,30.0
030721,30.0
030812,30.0
030819,30.0
040299,30.0
051191,30.0
060210,10.0
060315,60.0
071339,30.0
071360,30.0
080930,30.0
081010,30.0
081310,30.0
100630,70.0
100830,0.0
100840,0.0
100850,0.0
130231,30.0
151630,100.0
180310,30.0
210220,30.0
220720,30.0
230210,30.0
230650,30.0
230990,30.0
250830,10.0
250900,10.0
251010,5.0
251320,10.0
252520,10.0
261400,5.0
270710,10.0
270799,10.0
281111,10.0
281121,10.0
281219,10.0
282010,10.0
283190,10.0
283525,10.0
283526,10.0
283720,10.0
283990,10.0
284442,10.0
284444,10.0
290242,10.0
290345,10.0
290377,10.0
290393,10.0
290519,10.0
290713,10.0
291539,10.0
291631,10.0
292217,10.0
292218,10.0
292219,10.0
292421,10.0
293090,10.0
293141,10.0
293148,10.0
293510,10.0
293622,10.0
293627,10.0
294140,10.0
300439,10.0
320412,10.0
320730,10.0
321410,10.0
340111,10.0
350520,30.0
360330,10.0
360500,10.0
370130,10.0
370610,10.0
380993,10.0
382530,10.0
390130,10.0
390529,10.0
390920,10.0
391120,10.0
391610,10.0
392062,10.0
401032,10.0
401219,10.0
410792,10.0
411410,10.0
420330,10.0
440810,10.0
440839,10.0
441829,10.0
441899,10.0
441990,10.0
442110,10.0
470790,10.0
480525,10.0
480620,10.0
480810,10.0
481710,10.0
481810,10.0
481830,10.0
481940,10.0
482210,10.0
482320,10.0
490300,10.0
510610,20.0
510990,25.0
520291,25.0
520523,20.0
520621,20.0
520645,20.0
520852,25.0
530911,25.0
540251,20.0
540411,20.0
540490,20.0
540784,25.0
540810,25.0
550311,20.0
550340,20.0
550921,20.0
551329,25.0
551442,25.0
551631,25.0
560129,25.0
560392,25.0
570110,25.0
590290,25.0
591000,25.0
610419,25.0
610461,25.0
610821,25.0
620319,25.0
620432,25.0
621050,25.0
640510,35.0
680410,10.0
681140,10.0
681520,10.0
701720,10.0
710499,15.0
711021,12.5
711230,12.5
720221,15.0
721699,15.0
722790,15.0
722810,15.0
722860,15.0
730459,15.0
730490,15.0
730723,15.0
732599,16.4285714285714
732619,20.0
740811,5.0
740822,5.0
740990,5.0
741510,10.0
760429,7.5
760519,7.5
760810,10.0
780191,5.0
790120,7.5
810931,10.0
820130,10.0
820291,10.0
821510,10.0
830910,10.0
840120,7.5
840390,7.5
840733,15.0
840790,15.0
841912,10.0
841934,7.5
842091,7.5
842112,7.5
843390,7.5
843840,7.5
844331,7.5
844540,7.5
844711,7.5
844819,7.5
844832,7.5
845012,20.0
845630,7.5
846039,7.5
846120,7.5
847180,0.0
847681,7.5
847950,7.5
847982,7.5
848240,7.5
848320,7.5
848390,7.5
850151,15.0
850164,10.0
850220,10.0
850433,10.0
852719,10.0
853340,0.0
853720,15.0
854690,10.0
860721,10.0
870191,10.0
870422,40.0
870431,40.0
870460,40.0
870710,15.0
870894,15.0
880694,10.0
900150,10.0
900792,10.0
901710,10.0
901850,10.0
901910,10.0
902730,0.0
902790,7.5
903220,7.5
910111,20.0
910519,20.0
920710,10.0
920992,10.0
930520,10.0
940152,25.0
940290,10.0
940421,25.0
940539,25.0
950420,20.0
950440,20.0
950510,20.0
950720,20.0
950825,20.0
960330,20.0
961900,10.0
010631,30.0
020680,30.0
020724,30.0
030243,30.0
030271,30.0
030273,30.0
030289,30.0
030313,30.0
030324,30.0
030331,30.0
030345,30.0
030392,30.0
030399,30.0
030431,30.0
030452,30.0
030475,30.0
030564,30.0
030636,30.0
030639,30.0
030759,30.0
030890,30.0
040620,30.0
070511,30.0
071234,30.0
071430,30.0
081040,30.0
090240,100.0
090831,70.0
100620,80.0
110630,30.0
151419,75.0
151590,100.0
160220,30.0
160530,30.0
170199,100.0
200210,30.0
200860,30.0
200941,50.0
210690,150.0
220870,150.0
230110,30.0
230320,30.0
230641,30.0
250490,10.0
251611,40.0
252230,10.0
252610,10.0
252921,10.0
253090,10.0
270210,10.0
270730,10.0
271490,10.0
280700,10.0
280910,10.0
281122,10.0
281810,10.0
283090,10.0
283410,10.0
284030,10.0
284210,10.0
284610,10.0
285210,10.0
290394,10.0
290399,10.0
290410,10.0
290529,10.0
290621,10.0
291219,10.0
291241,10.0
291423,10.0
291550,10.0
291570,10.0
291712,10.0
291713,10.0
292024,10.0
292429,10.0
293060,10.0
293110,10.0
293151,10.0
293159,10.0
293962,10.0
300215,10.0
300241,10.0
300640,10.0
300660,0.0
310230,5.0
310290,10.0
310390,10.0
310520,5.0
320420,10.0
340120,10.0
350400,30.0
370690,10.0
380590,10.0
380861,10.0
381190,10.0
381511,10.0
381700,10.0
390140,10.0
390461,10.0
390521,10.0
390940,10.0
391520,10.0
391690,10.0
392020,10.0
392290,15.0
400251,10.0
400400,10.0
410441,10.0
420299,15.0
430180,15.0
440112,5.0
440723,10.0
440793,10.0
441011,10.0
441194,10.0
442011,10.0
460192,10.0
480262,10.0
480439,10.0
481019,10.0
481390,10.0
482369,10.0
520420,20.0
520526,20.0
520535,20.0
520614,20.0
520631,20.0
520710,25.0
521029,25.0
530310,25.0
530500,25.0
540263,20.0
540821,25.0
550959,20.0
551229,25.0
551443,25.0
551643,25.0
560490,20.0
560900,25.0
580410,25.0
580710,25.0
581099,25.0
590390,25.0
590699,25.0
600643,25.0
610220,25.0
610429,25.0
610452,25.0
611190,25.0
620421,25.0
621112,25.0
621120,25.0
621132,25.0
621390,25.0
621520,25.0
630229,25.0
630299,25.0
630312,25.0
630420,25.0
630510,25.0
630640,25.0
630790,25.0
680100,10.0
680292,40.0
680300,10.0
681181,10.0
690210,10.0
701690,10.0
701962,10.0
701973,10.0
702000,10.0
710210,10.0
710239,10.0
710421,10.0
711711,20.0
720449,15.0
720890,15.0
720927,15.0
721050,15.0
721061,15.0
721090,15.0
721931,15.0
722012,15.0
722920,15.0
730793,15.0
731290,15.0
731442,15.0
731520,15.0
731700,15.0
731816,25.0
732310,20.0
740100,5.0
760900,10.0
761610,10.0
790200,5.0
810520,5.0
810890,7.5
820770,10.0
841090,10.0
841382,7.5
841440,15.0
842290,8.33333333333333
842441,7.5
842619,7.5
844120,7.5
844250,7.5
845140,7.5
845410,7.5
845949,7.5
846023,7.5
846233,7.5
846789,7.5
846792,7.5
847431,7.5
847529,7.5
848350,7.5
848590,7.5
850162,10.0
850710,15.0
851090,10.0
851840,15.0
852190,13.3333333333333
853310,0.0
853530,10.0
853610,10.0
853650,10.0
854011,10.0
860799,10.0
870121,10.0
870240,40.0
870350,125.0
870441,40.0
870530,10.0
870830,15.0
870880,15.0
871000,0.0
871120,100.0
871140,100.0
871631,10.0
890690,10.0
901420,7.5
902690,0.0
903190,7.5
903290,7.5
910129,20.0
911012,10.0
911180,10.0
930330,10.0
930621,10.0
940131,25.0
940169,25.0
950619,20.0
950822,20.0
960321,20.0
960720,10.0
960910,10.0
962000,10.0
010221,30.0
010231,30.0
010614,30.0
020622,30.0
020629,30.0
020711,30.0
020840,30.0
020910,30.0
021011,30.0
030244,30.0
030325,30.0
030356,30.0
030369,30.0
030381,30.0
030483,30.0
030542,30.0
030543,30.0
030787,30.0
040390,30.0
040899,30.0
070420,30.0
070970,30.0
071022,30.0
071030,30.0
071151,30.0
071390,30.0
080112,70.0
080122,30.0
080212,22.44
080232,100.0
080242,30.0
090111,100.0
090190,100.0
091030,30.0
100860,0.0
110313,30.0
110710,40.0
121150,30.0
121291,30.0
160418,30.0
160420,30.0
160553,30.0
190430,30.0
200410,35.0
200710,30.0
200893,30.0
210111,30.0
230120,30.0
240399,30.0
250100,10.0
251200,10.0
251512,40.0
251710,10.0
251749,10.0
252922,10.0
260200,5.0
280450,5.0
280519,5.0
281700,10.0
282619,10.0
284169,10.0
290260,10.0
290911,10.0
291020,10.0
291615,10.0
291910,10.0
292122,10.0
293352,10.0
293420,10.0
293492,10.0
293920,10.0
293930,10.0
310250,0.0
330210,100.0
340241,10.0
340490,10.0
340590,10.0
360100,10.0
370256,10.0
380120,10.0
380130,10.0
380894,10.0
381800,0.0
390290,10.0
390421,10.0
391290,10.0
391310,10.0
400829,10.0
401110,12.5
440312,5.0
440326,5.0
440719,10.0
440729,10.0
441840,10.0
450490,10.0
460129,10.0
470321,5.0
480442,10.0
480451,10.0
481190,10.0
490400,0.0
490590,0.0
510510,20.0
510539,20.0
520210,25.0
520623,20.0
520822,25.0
521142,25.0
521221,25.0
540246,20.0
540771,25.0
540782,25.0
550320,20.0
551020,20.0
551339,25.0
560121,25.0
560790,20.0
580136,25.0
600290,25.0
600541,25.0
610332,25.0
610413,25.0
610432,25.0
610520,25.0
610819,25.0
620312,25.0
620422,25.0
621040,25.0
621139,25.0
621149,25.0
630210,25.0
630259,25.0
630492,25.0
640320,35.0
650200,10.0
680510,10.0
690730,15.0
691090,10.0
700220,10.0
700420,10.0
701090,10.0
701820,10.0
701913,10.0
701990,10.0
720293,15.0
720529,15.0
720852,15.0
720925,15.0
721391,15.0
722490,15.0
730422,15.0
730590,15.0
731511,15.0
732112,15.0
732189,15.0
732393,20.0
740729,5.0
740940,5.0
741521,10.0
750210,5.0
810197,5.0
810296,5.0
810299,10.0
810590,10.0
810820,5.0
811261,10.0
811292,5.0
820160,10.0
820540,10.0
821000,10.0
821290,10.0
830110,20.0
830140,20.0
830241,15.0
830520,20.0
841112,7.5
841830,15.0
842390,8.75
842430,7.5
842790,7.5
843131,7.5
843490,7.5
843910,7.5
844180,7.5
844399,4.5
844520,7.5
845230,8.75
845590,7.5
846022,7.5
846410,7.5
847751,7.5
847989,7.5
848120,7.5
848360,7.5
850760,20.0
851190,15.0
851440,7.5
851680,20.0
851711,0.0
851714,20.0
851779,17.5
852550,7.5
852692,7.5
852869,10.0
853521,10.0
853941,10.0
854159,20.0
854310,5.625
854340,7.5
871150,100.0
871410,15.0
871493,20.0
871690,10.0
880510,10.0
880629,10.0
890319,25.0
900311,10.0
901320,7.5
901390,7.5
901780,10.0
901839,10.0
901890,10.0
902830,15.0
910199,20.0
910221,20.0
910291,20.0
910521,20.0
911430,10.0
920991,10.0
940180,25.0
940389,25.0
940591,25.0
940592,25.0
950621,20.0
950659,20.0
950691,20.0
010229,30.0
010392,30.0
010620,30.0
020110,30.0
020120,30.0
020329,30.0
020450,30.0
020745,30.0
030194,30.0
030246,30.0
030251,30.0
030255,30.0
030256,30.0
030531,30.0
030732,30.0
030760,30.0
030822,30.0
040410,40.0
040729,30.0
040790,30.0
051000,30.0
060120,10.0
070310,30.0
070954,30.0
071090,30.0
071220,30.0
080291,100.0
090422,70.0
090720,70.0
090822,30.0
100199,100.0
100410,0.0
100590,60.0
110100,30.0
110311,30.0
120190,45.0
120590,30.0
120770,30.0
121120,30.0
121130,30.0
130239,30.0
140120,30.0
140190,30.0
140420,30.0
150990,40.0
151411,75.0
160300,30.0
160556,30.0
200551,30.0
200880,30.0
210500,30.0
210610,40.0
230230,30.0
251990,10.0
252490,10.0
262021,5.0
270119,10.0
271091,10.0
280110,5.0
280130,5.0
280430,5.0
280920,15.0
283429,10.0
283620,10.0
283660,10.0
284290,10.0
284390,10.0
290290,10.0
290382,10.0
290431,10.0
290516,10.0
290613,10.0
291242,10.0
291412,10.0
291469,10.0
291536,10.0
291620,10.0
291733,10.0
292021,10.0
292030,10.0
292424,10.0
293337,10.0
293359,10.0
294150,10.0
300431,10.0
300510,10.0
300692,10.0
320300,10.0
320415,10.0
320820,10.0
340250,10.0
350290,30.0
380690,10.0
381010,10.0
382765,10.0
390110,10.0
390519,10.0
390761,10.0
391590,10.0
391733,10.0
392113,10.0
392310,15.0
400231,10.0
400280,10.0
400911,10.0
401130,3.0
401150,10.0
401190,10.0
401519,10.0
440121,5.0
440342,5.0
440349,5.0
440921,10.0
441112,10.0
441233,10.0
441239,10.0
441251,10.0
441520,10.0
460199,10.0
460211,10.0
470500,5.0
480441,10.0
480640,10.0
481014,10.0
481720,10.0
482050,10.0
490290,0.0
510111,25.0
511219,25.0
520544,20.0
520849,25.0
521041,25.0
521112,25.0
521159,25.0
521225,25.0
530290,30.0
530921,25.0
540234,20.0
540245,20.0
540247,20.0
540772,25.0
550640,20.0
550911,20.0
550969,20.0
551219,25.0
551323,25.0
551521,25.0
560811,25.0
580121,25.0
580137,25.0
580900,25.0
590190,25.0
590800,25.0
600590,25.0
600690,25.0
610442,25.0
610463,25.0
610510,25.0
611692,25.0
620322,25.0
620722,25.0
620920,25.0
630419,25.0
630499,25.0
640192,35.0
640219,35.0
640291,35.0
640420,35.0
640520,35.0
660191,10.0
660200,10.0
681511,10.0
681591,10.0
690310,10.0
700232,10.0
700800,10.0
701915,10.0
711620,10.0
720241,15.0
720720,15.0
721070,15.0
721499,15.0
722511,20.0
730423,15.0
730621,15.0
730810,15.0
731431,15.0
732211,15.0
741110,10.0
741220,10.0
750610,5.0
810929,10.0
811251,5.0
820240,10.0
830150,20.0
830230,15.0
830590,20.0
831110,10.0
840734,15.0
841790,7.5
841899,7.5
842123,10.0
842219,7.5
842489,7.5
842833,7.5
842839,7.5
842959,7.5
843231,7.5
843320,7.5
843340,7.5
843860,7.5
844319,7.5
844332,1.42857142857143
844851,7.5
845650,7.5
845961,7.5
846290,7.5
846591,7.5
846596,7.5
847330,0.0
847890,7.5
847983,7.5
848530,7.5
848790,7.5
850431,10.0
851632,20.0
852862,10.0
852910,8.88888888888889
853922,10.0
854079,10.0
854110,0.0
854449,15.0
860390,10.0
860712,10.0
870290,40.0
870333,125.0
870432,40.0
870452,40.0
870600,15.0
871110,100.0
871495,20.0
871500,10.0
871620,10.0
880211,10.0
880220,3.0
880230,3.0
880260,10.0
880693,10.0
901310,8.33333333333333
901814,10.0
910990,10.0
911120,10.0
920890,10.0
920930,10.0
940171,25.0
950829,20.0
960610,10.0
960629,10.0
960990,10.0
961800,10.0
